experiment,algorithm,n,target_type,target,found,preprocessing_ms,search_ms,total_ms,key_operations
standard,Linear Search,1000,OWN_REG_NO,192424401,True,0.0,0.0595,0.0595,645
standard,Recursive Binary Search,1000,OWN_REG_NO,192424401,True,0.1557,0.0153,0.171,10
standard,Hash Table Search,1000,OWN_REG_NO,192424401,True,0.1885,0.0025,0.191,1
standard,Linear Search,1000,OWN_REG_NO_PLUS_1,192424402,False,0.0,0.0866,0.0866,1000
standard,Recursive Binary Search,1000,OWN_REG_NO_PLUS_1,192424402,False,0.1279,0.0093,0.13720000000000002,10
standard,Hash Table Search,1000,OWN_REG_NO_PLUS_1,192424402,False,0.1349,0.0022,0.1371,1
standard,Linear Search,10000,OWN_REG_NO,192424401,True,0.0,0.7271,0.7271,8272
standard,Recursive Binary Search,10000,OWN_REG_NO,192424401,True,2.3874,0.0158,2.4032,11
standard,Hash Table Search,10000,OWN_REG_NO,192424401,True,1.911,0.0025,1.9135,1
standard,Linear Search,10000,OWN_REG_NO_PLUS_1,192424402,False,0.0,1.0632,1.0632,10000
standard,Recursive Binary Search,10000,OWN_REG_NO_PLUS_1,192424402,False,2.4232,0.0126,2.4358,13
standard,Hash Table Search,10000,OWN_REG_NO_PLUS_1,192424402,False,1.7045,0.0062,1.7106999999999999,1
standard,Linear Search,100000,OWN_REG_NO,192424401,True,0.0,7.315,7.315,78685
standard,Recursive Binary Search,100000,OWN_REG_NO,192424401,True,37.2895,0.022,37.311499999999995,16
standard,Hash Table Search,100000,OWN_REG_NO,192424401,True,32.8303,0.0034,32.8337,1
standard,Linear Search,100000,OWN_REG_NO_PLUS_1,192424402,False,0.0,11.2347,11.2347,100000
standard,Recursive Binary Search,100000,OWN_REG_NO_PLUS_1,192424402,False,42.8757,0.022,42.8977,17
standard,Hash Table Search,100000,OWN_REG_NO_PLUS_1,192424402,False,28.8179,0.0026,28.820500000000003,1
standard,Linear Search,1000000,OWN_REG_NO,192424401,True,0.0,23.314,23.314,227759
standard,Recursive Binary Search,1000000,OWN_REG_NO,192424401,True,602.7269,0.0256,602.7525,18
standard,Hash Table Search,1000000,OWN_REG_NO,192424401,True,426.9459,0.0041,426.95,1
standard,Linear Search,1000000,OWN_REG_NO_PLUS_1,192424402,False,0.0,87.3863,87.3863,1000000
standard,Recursive Binary Search,1000000,OWN_REG_NO_PLUS_1,192424402,False,612.6587,0.0514,612.7100999999999,20
standard,Hash Table Search,1000000,OWN_REG_NO_PLUS_1,192424402,False,583.3313,0.0029,583.3342,1
task12_50000_searches,Recursive Binary Search,1000000,MIXED_50K,"50,000 deterministic queries",25000/50000,735.3464,630.611,1365.9574,973840
task12_50000_searches,Hash Table Search,1000000,MIXED_50K,"50,000 deterministic queries",25000/50000,574.1914,21.0164,595.2078,50000
